1,"Kreiger, Green and Hahn","1986-01-13 03:23:40 -0300"
2,Christiansen-Boyle,"1986-05-31 02:42:29 -0400"
3,Bahringer-Mitchell,"1978-07-02 12:17:59 -0400"
4,"Johnson, Hansen and Schinner","2004-02-01 09:45:40 -0300"
5,"Hammes Group","1985-08-31 14:01:13 -0400"
6,"Kemmer and Sons","2001-11-17 03:30:20 -0300"
7,Cummerata-Krajcik,"1977-12-24 16:08:43 -0300"
8,Labadie-Blanda,"1992-03-28 03:05:31 -0400"
9,Harris-Huel,"1976-12-18 01:22:26 -0300"
10,"Schulist, Schowalter and Mayert","2006-10-17 06:08:34 -0300"
11,"Mayert, Koss and Wisozk","1995-07-01 20:30:37 -0400"
12,"Koch Group","2019-03-03 19:22:01 -0300"
13,"VonRueden Group","2002-04-17 11:47:01 -0400"
14,"Kuhic, Quitzon and Pollich","1992-03-23 16:21:02 -0400"
15,Morar-Mitchell,"2005-05-17 13:16:42 -0400"
16,"Dooley and Sons","2008-03-26 20:23:03 -0300"
17,Veum-Schiller,"2013-09-21 15:15:02 -0300"
18,"Dooley LLC","1988-07-26 23:35:19 -0400"
19,"Sanford Inc","1981-05-09 20:05:19 -0400"
20,"Zieme Inc","1994-05-03 22:51:34 -0400"
21,"Ritchie and Sons","2003-12-06 00:45:58 -0300"
22,Koelpin-Schumm,"1992-05-10 14:13:09 -0400"
23,Strosin-Rogahn,"2018-11-24 01:00:03 -0300"
24,Bayer-Wehner,"1999-04-26 11:20:11 -0400"
25,"Sanford, Berge and Treutel","1979-04-25 13:02:02 -0400"
26,"Harber Group","2004-05-16 01:45:20 -0400"
27,"Goldner, Wyman and Hintz","2013-06-03 03:20:54 -0400"
28,"Gusikowski and Sons","1990-08-23 07:39:20 -0400"
29,Dibbert-Paucek,"1986-05-09 16:31:24 -0400"
30,"Braun, Denesik and Runolfsson","1993-08-02 08:25:07 -0400"
31,"Skiles LLC","1990-06-16 08:11:18 -0400"
32,"Mills Group","1987-06-13 01:56:18 -0400"
33,"Mosciski and Sons","1977-09-30 07:46:23 -0400"
34,"Corkery, Rogahn and Bogan","2012-09-06 23:53:07 -0300"
35,Zulauf-Doyle,"1979-10-01 04:13:52 -0400"
36,"Hansen, Bauch and Frami","1996-06-06 11:56:45 -0400"
37,McDermott-Gutmann,"1988-07-30 22:22:43 -0400"
38,Carroll-Powlowski,"2011-03-31 07:59:26 -0300"
39,"Jerde LLC","1993-02-01 06:16:02 -0300"
40,Kautzer-Runte,"1989-01-31 05:27:07 -0300"
